"date","change","deposits","withdrawals"
2005-06-09,-3023,67769,70792
2005-06-10,690,7603,6913
2005-06-13,5583,11506,5923
2005-06-14,6592,12728,6136
2005-06-15,31434,86559,55125
2005-06-16,-3774,70736,74510
2005-06-17,1168,10119,8951
2005-06-20,5758,14509,8751
2005-06-21,10518,18209,7691
2005-06-22,1168,11151,9983
2005-06-23,-20031,59549,79580
2005-06-24,-92,6370,6462
2005-06-27,5624,11287,5662
2005-06-28,-2797,3704,6501
2005-06-29,4919,11583,6665
2005-06-30,-18588,90134,108722
2005-07-01,-23088,35048,58136
2005-07-05,1815,11325,9509
2005-07-06,-2852,6612,9464
2005-07-07,-2263,70429,72692
2005-07-08,-711,5874,6586
2005-07-11,1862,9071,7208
2005-07-12,-230,5377,5607
2005-07-13,-2383,8047,10430
2005-07-14,6109,69847,63738
2005-07-15,2948,38456,35508
2005-07-18,8690,16145,7455
2005-07-19,-3333,3292,6626
2005-07-20,129,10104,9975
2005-07-21,5532,68045,62513
2005-07-22,1849,5674,3824
2005-07-25,4113,9703,5590
2005-07-26,-2113,4630,6743
2005-07-27,-2559,8384,10942
2005-07-28,5306,69907,64601
2005-07-29,8955,17779,8825
2005-08-01,-13995,47700,61695
2005-08-02,-377,6046,6423
2005-08-03,-17791,10836,28628
2005-08-04,2408,70829,68422
2005-08-05,-1652,6404,8056
2005-08-08,3362,9867,6505
2005-08-09,-3063,3928,6991
2005-08-10,-1624,9204,10829
2005-08-11,-1588,68533,70121
2005-08-12,-946,8009,8955
2005-08-15,2891,63613,60722
2005-08-16,4296,11030,6734
2005-08-17,-570,9482,10052
2005-08-18,2129,72357,70228
2005-08-19,1841,8702,6861
2005-08-22,4171,9819,5648
2005-08-23,-2647,3291,5938
2005-08-24,-3436,7621,11057
2005-08-25,-540,70599,71139
2005-08-26,-2689,5984,8674
2005-08-29,3517,11013,7497
2005-08-30,-4232,3446,7678
2005-08-31,-1860,36934,38794
2005-09-01,-2237,94613,96850
2005-09-02,900,27824,26924
2005-09-06,826,9812,8986
2005-09-07,-2143,6921,9064
2005-09-08,4178,78921,74742
2005-09-09,-2988,6629,9617
2005-09-12,3613,11087,7474
2005-09-13,487,7933,7445
2005-09-14,-3425,14777,18202
2005-09-15,32827,150290,117463
2005-09-16,8622,15202,6580
2005-09-19,6724,13173,6449
2005-09-20,14660,20900,6241
2005-09-21,2316,13416,11100
2005-09-22,-12832,62420,75251
2005-09-23,790,9282,8492
2005-09-26,2680,10840,8161
2005-09-27,-3078,4777,7855
2005-09-28,-2943,8779,11722
2005-09-29,-7273,66508,73780
2005-09-30,-14590,36966,51556
2005-10-03,-20937,20336,41273
2005-10-04,-5212,4405,9617
2005-10-05,2091,10092,8001
2005-10-06,7495,73419,65924
2005-10-07,-3929,6238,10167
2005-10-11,211,10913,10702
2005-10-12,-7623,5390,13013
2005-10-13,2190,67696,65506
2005-10-14,-781,8878,9659
2005-10-17,20149,43491,23341
2005-10-18,-2190,5146,7336
2005-10-19,-293,10767,11060
2005-10-20,4049,67447,63398
2005-10-21,-1536,7122,8657
2005-10-24,1199,10155,8956
2005-10-25,-3272,4561,7833
2005-10-26,-2674,8978,11652
2005-10-27,9505,74517,65013
2005-10-28,7284,15216,7932
2005-10-31,-695,40567,41262
2005-11-01,-16594,13474,30068
2005-11-02,3338,10676,7338
2005-11-03,-12758,71760,84518
2005-11-04,-2254,8657,10910
2005-11-07,-56,9835,9891
2005-11-08,-4047,3910,7957
2005-11-09,928,11849,10920
2005-11-10,8726,78416,69690
2005-11-14,6069,14747,8678
2005-11-15,-19577,62461,82038
2005-11-16,2746,15094,12349
2005-11-17,10746,78661,67915
2005-11-18,-1479,8299,9778
2005-11-21,1438,10137,8699
2005-11-22,-5377,3223,8600
2005-11-23,-7853,8776,16629
2005-11-25,7384,82396,75011
2005-11-28,2141,7437,5296
2005-11-29,-3712,5109,8821
2005-11-30,-4531,37716,42246
2005-12-01,10084,105626,95541
2005-12-02,-4228,26232,30460
2005-12-05,-1407,9606,11013
2005-12-06,-5156,3784,8940
2005-12-07,2499,9689,7190
2005-12-08,2585,80112,77526
2005-12-09,-251,6279,6530
2005-12-12,5233,11391,6158
2005-12-13,-6862,4310,11172
2005-12-14,4050,15366,11316
2005-12-15,23145,157360,134215
2005-12-16,8119,17101,8982
2005-12-19,4272,12559,8288
2005-12-20,-1746,5008,6753
2005-12-21,550,12982,12432
2005-12-22,-11499,67046,78546
2005-12-23,8035,9850,1814
2005-12-27,5552,12354,6802
2005-12-28,-6266,6619,12885
2005-12-29,-4170,70450,74621
2005-12-30,-1903,14733,16636
2006-01-03,-18335,68792,87127
2006-01-04,103,9768,9664
2006-01-05,-5441,67400,72841
2006-01-06,1224,8232,7009
2006-01-09,4099,11002,6903
2006-01-10,-1370,6465,7836
2006-01-11,-2307,9798,12105
2006-01-12,-8345,62700,71046
2006-01-13,768,12321,11554
2006-01-17,25198,53332,28134
2006-01-18,5907,19697,13790
2006-01-19,3082,71587,68505
2006-01-20,2930,10433,7504
2006-01-23,9443,16617,7174
2006-01-24,6547,13120,6573
2006-01-25,211,11707,11496
2006-01-26,1916,71765,69849
2006-01-27,-4926,9603,14529
2006-01-30,5284,13301,8017
2006-01-31,6239,47773,41533
2006-02-01,-13520,20784,34304
2006-02-02,10399,77904,67506
2006-02-03,-28984,8713,37697
2006-02-06,1879,10556,8678
2006-02-07,-5328,4122,9450
2006-02-08,-3149,9222,12372
2006-02-09,4829,71049,66220
2006-02-10,-23024,7647,30672
2006-02-13,3612,11456,7844
2006-02-14,-1844,5554,7399
2006-02-15,3863,65233,61370
2006-02-16,15311,81317,66006
2006-02-17,-21189,6876,28064
2006-02-21,5631,13214,7584
2006-02-22,-8110,6058,14168
2006-02-23,11796,81941,70146
2006-02-24,-15642,7632,23274
2006-02-27,5009,13988,8979
2006-02-28,7717,52432,44715
2006-03-01,-12582,22210,34793
2006-03-02,6496,81765,75269
2006-03-03,-4330,34025,38355
2006-03-06,3441,12114,8673
2006-03-07,-4417,4403,8820
2006-03-08,3988,16355,12367
2006-03-09,6371,76836,70465
2006-03-10,-10077,8112,18190
2006-03-13,6487,14994,8507
2006-03-14,-2968,12519,15487
2006-03-15,4928,50468,45541
2006-03-16,16393,88620,72227
2006-03-17,-7852,6678,14530
2006-03-20,4201,10883,6683
2006-03-21,-3086,3791,6877
2006-03-22,-2892,9889,12782
2006-03-23,6745,81318,74573
2006-03-24,-8295,7219,15514
2006-03-27,4604,13235,8632
2006-03-28,-4905,3136,8041
2006-03-29,1573,10151,8578
2006-03-30,-4361,70679,75040
2006-03-31,-9372,54424,63795
2006-04-03,1322,42856,41534
2006-04-04,-2446,6412,8858
2006-04-05,1717,10821,9104
2006-04-06,-1295,71540,72835
2006-04-07,1486,16138,14651
2006-04-10,2965,12238,9273
2006-04-11,-394,9359,9753
2006-04-12,-1039,11294,12334
2006-04-13,-1014,74710,75724
2006-04-14,4250,19312,15062
2006-04-17,-559,67498,68058
2006-04-18,17006,24398,7392
2006-04-19,8383,20004,11621
2006-04-20,-20273,65307,85580
2006-04-21,2936,18003,15066
2006-04-24,15698,24009,8311
2006-04-25,32407,40487,8080
2006-04-26,8342,21433,13091
2006-04-27,-16721,66522,83243
2006-04-28,18035,32455,14420
2006-05-01,4963,77835,72872
2006-05-02,16243,23743,7500
2006-05-03,-11416,18522,29938
2006-05-04,-8529,65594,74122
2006-05-05,-1100,10755,11854
2006-05-08,3836,12575,8739
2006-05-09,-5578,4423,10001
2006-05-10,-3656,9135,12792
2006-05-11,-9062,62224,71286
2006-05-12,-298,8239,8537
2006-05-15,-39760,63273,103034
2006-05-16,3703,10983,7280
2006-05-17,-3844,8664,12508
2006-05-18,10,70224,70214
2006-05-19,-1163,8631,9793
2006-05-22,3386,11192,7806
2006-05-23,-4190,3296,7486
2006-05-24,-4330,7919,12249
2006-05-25,-3360,68013,71373
2006-05-26,641,8375,7734
2006-05-30,3278,10870,7592
2006-05-31,9299,51876,42577
2006-06-01,-19273,82153,101426
2006-06-02,-1736,30570,32307
2006-06-05,295,9971,9675
2006-06-06,3944,13187,9243
2006-06-07,3850,11103,7252
2006-06-08,-5539,68470,74010
2006-06-09,1342,7223,5882
2006-06-12,5904,12242,6338
2006-06-13,1388,7846,6458
2006-06-14,5071,16586,11515
2006-06-15,10783,130052,119269
2006-06-16,7896,17376,9481
2006-06-19,7389,15156,7767
2006-06-20,10866,22164,11298
2006-06-21,3608,14615,11007
2006-06-22,-14377,64312,78689
2006-06-23,2642,8336,5695
2006-06-26,6245,12360,6115
2006-06-27,-2374,4461,6835
2006-06-28,-2514,8902,11416
2006-06-29,-3810,68287,72096
2006-06-30,-3893,54290,58183
2006-07-03,-25426,23313,48739
2006-07-05,-2524,6159,8683
2006-07-06,-541,71796,72337
2006-07-07,-1194,6611,7805
2006-07-10,3646,9948,6302
2006-07-11,-3483,3475,6958
2006-07-12,-2422,8435,10857
2006-07-13,2052,64055,62002
2006-07-14,-696,10641,11337
2006-07-17,-603,36691,37294
2006-07-18,-2190,4550,6740
2006-07-19,16,10064,10048
2006-07-20,309,65929,65620
2006-07-21,-425,6256,6681
2006-07-24,4205,9940,5735
2006-07-25,-3567,3721,7288
2006-07-26,-2704,8898,11603
2006-07-27,3059,74558,71499
2006-07-28,-713,8546,9259
2006-07-31,25118,66264,41146
2006-08-01,-23567,13691,37258
2006-08-02,4544,11273,6729
2006-08-03,-13250,80395,93645
2006-08-04,1108,8699,7591
2006-08-07,3153,10125,6972
2006-08-08,-3418,3619,7037
2006-08-09,-2931,8574,11505
2006-08-10,5119,78130,73011
2006-08-11,-2252,6658,8910
2006-08-14,4128,12416,8288
2006-08-15,-6468,58836,65304
2006-08-16,4187,15473,11286
2006-08-17,7382,79596,72214
2006-08-18,2003,7915,5912
2006-08-21,5332,11533,6201
2006-08-22,-2964,3525,6489
2006-08-23,-3270,7898,11168
2006-08-24,-3676,77905,81581
2006-08-25,-2121,6989,9109
2006-08-28,4011,11312,7301
2006-08-29,-2209,5648,7857
2006-08-30,1109,7766,6658
2006-08-31,2790,124860,122070
2006-09-01,-11948,44763,56711
2006-09-05,4218,12307,8088
2006-09-06,-2320,7120,9439
2006-09-07,1297,84781,83484
2006-09-08,-1573,8305,9878
2006-09-11,3748,11823,8076
2006-09-12,-551,7291,7842
2006-09-13,-1090,10096,11185
2006-09-14,-1435,82436,83871
2006-09-15,34474,94590,60117
2006-09-18,15181,21602,6421
2006-09-19,13909,20562,6654
2006-09-20,5445,17176,11731
2006-09-21,-12282,68851,81134
2006-09-22,1901,10539,8638
2006-09-25,6235,14152,7917
2006-09-26,-517,6222,6738
2006-09-27,-1454,10619,12073
2006-09-28,-17028,62531,79558
2006-09-29,-519,13426,13945
2006-10-02,651,64756,64106
2006-10-03,-26038,4454,30492
2006-10-04,791,10749,9958
2006-10-05,-6937,58970,65906
2006-10-06,-1863,7775,9638
2006-10-10,1912,11454,9543
2006-10-11,-8716,6095,14811
2006-10-12,-206,61879,62085
2006-10-13,-1313,8837,10149
2006-10-16,2082,36024,33941
2006-10-17,-300,6141,6441
2006-10-18,2732,14972,12240
2006-10-19,9069,69658,60589
2006-10-20,-1198,8991,10189
2006-10-24,-969,5876,6845
2006-10-25,-1738,9892,11631
2006-10-26,8544,69469,60925
2006-10-27,728,8094,7366
2006-10-30,3474,10382,6908
2006-10-31,20241,59872,39631
2006-11-01,-17377,18655,36033
2006-11-02,13011,76390,63379
2006-11-03,-20851,9272,30123
2006-11-06,1969,10746,8777
2006-11-07,-5224,3661,8885
2006-11-08,-2714,9700,12414
2006-11-09,9623,74017,64395
2006-11-13,4313,9965,5652
2006-11-14,-2679,5943,8622
2006-11-15,-32992,71951,104943
2006-11-16,10387,83772,73385
2006-11-17,-2995,6477,9472
2006-11-20,1522,10838,9316
2006-11-21,-3909,4371,8280
2006-11-22,-3930,10323,14253
2006-11-24,11728,84142,72414
2006-11-27,2189,7557,5368
2006-11-28,-5735,3433,9168
2006-11-29,2859,10721,7862
2006-11-30,3549,124859,121310
2006-12-01,-15347,45975,61323
2006-12-04,2072,12737,10666
2006-12-05,5619,14809,9190
2006-12-06,2757,10755,7998
2006-12-07,-5085,73151,78237
2006-12-08,319,6855,6536
2006-12-11,4436,11185,6749
2006-12-12,-3260,5146,8406
2006-12-13,-1113,11133,12246
2006-12-14,-6125,74940,81065
2006-12-15,40150,95172,55022
2006-12-18,13837,22253,8416
2006-12-19,-2045,5299,7344
2006-12-20,2606,13992,11386
2006-12-21,-15479,67618,83097
2006-12-22,3019,10436,7417
2006-12-26,7278,15311,8033
2006-12-27,-7143,6559,13702
2006-12-28,-14476,68588,83064
2006-12-29,-2256,15803,18060
2007-01-02,9305,75764,66459
2007-01-03,-19424,8422,27846
2007-01-04,-6933,67652,74585
2007-01-05,433,8699,8267
2007-01-08,4883,11980,7097
2007-01-09,982,8528,7546
2007-01-10,-2993,9396,12389
2007-01-11,-3663,60175,63839
2007-01-12,-516,11947,12462
2007-01-16,8156,44159,36003
2007-01-17,8491,21482,12990
2007-01-18,853,66359,65506
2007-01-19,4553,11319,6766
2007-01-22,13262,19604,6342
2007-01-23,11172,17727,6555
2007-01-24,2029,13217,11188
2007-01-25,-3271,62148,65418
2007-01-26,-6940,9018,15958
2007-01-29,11470,19132,7662
2007-01-30,-3107,4282,7389
2007-01-31,24417,62539,38121
2007-02-01,-17599,77240,94839
2007-02-02,-28633,9526,38159
2007-02-05,3303,11478,8174
2007-02-06,-3689,4901,8590
2007-02-07,3324,11070,7746
2007-02-08,7662,73829,66166
2007-02-09,-22157,7181,29338
2007-02-12,3153,12335,9182
2007-02-13,-4154,3555,7709
2007-02-14,-1677,10528,12206
2007-02-15,-8678,126271,134949
2007-02-16,-8693,22804,31497
2007-02-20,7804,14953,7149
2007-02-21,-6224,6865,13089
2007-02-22,14792,91321,76529
2007-02-23,-15483,9440,24923
2007-02-26,5460,13934,8474
2007-02-27,-3261,5344,8605
2007-02-28,2435,52011,49577
2007-03-01,4708,103552,98844
2007-03-02,-10255,32885,43140
2007-03-05,5014,13696,8681
2007-03-06,-1429,7500,8929
2007-03-07,3322,12004,8682
2007-03-08,8346,86872,78526
2007-03-09,-11669,8072,19741
2007-03-12,5914,15345,9432
2007-03-13,-4198,4461,8659
2007-03-14,1908,14858,12950
2007-03-15,19330,130506,111176
2007-03-16,2596,19881,17286
2007-03-19,4107,11349,7242
2007-03-20,-3058,4501,7559
2007-03-21,-1734,11569,13303
2007-03-22,-2911,83132,86043
2007-03-23,-8559,7885,16444
2007-03-26,3215,11951,8737
2007-03-27,-5613,4695,10308
2007-03-28,-5632,8905,14537
2007-03-29,-5016,80878,85893
2007-03-30,-3927,26721,30648
2007-04-02,7758,63499,55741
2007-04-03,-7638,22279,29917
2007-04-04,2447,11897,9450
2007-04-05,4585,87500,82915
2007-04-06,-6649,8941,15590
2007-04-09,2611,11640,9029
2007-04-10,-1166,8245,9411
2007-04-11,2031,15585,13554
2007-04-12,-6143,75382,81526
2007-04-13,8049,22279,14230
2007-04-16,-2403,42429,44832
2007-04-17,19485,58054,38570
2007-04-18,-4966,17217,22182
2007-04-19,-12778,68280,81058
2007-04-20,3886,19931,16044
2007-04-23,18607,26392,7785
2007-04-24,43609,51796,8187
2007-04-25,15637,29105,13468
2007-04-26,-11082,70112,81195
2007-04-27,6917,22580,15663
2007-04-30,34955,77797,42842
2007-05-01,-6988,33161,40149
2007-05-02,6880,15646,8766
2007-05-03,-39897,59053,98950
2007-05-04,-433,11812,12245
2007-05-07,1687,12563,10876
2007-05-08,-5198,4018,9216
2007-05-09,-3978,9764,13742
2007-05-10,-13361,56092,69453
2007-05-11,-1679,7191,8870
2007-05-14,4420,12631,8210
2007-05-15,-41810,57402,99212
2007-05-16,3174,16881,13707
2007-05-17,-5006,63811,68817
2007-05-18,-1472,9225,10697
2007-05-21,3629,11630,8002
2007-05-22,-4254,3922,8176
2007-05-23,-4654,8778,13432
2007-05-24,-982,69724,70705
2007-05-25,-44,7059,7103
2007-05-29,6385,13953,7568
2007-05-30,-3208,7159,10368
2007-05-31,9200,115505,106306
2007-06-01,-18212,46235,64447
2007-06-04,2580,12797,10217
2007-06-05,6379,15920,9540
2007-06-06,4706,11690,6983
2007-06-07,-8882,64706,73589
2007-06-08,675,7325,6649
2007-06-11,4995,11737,6742
2007-06-12,73,6566,6493
2007-06-13,-861,11865,12726
2007-06-14,-9034,70228,79262
2007-06-15,21528,77529,56001
2007-06-18,15093,22879,7786
2007-06-19,14456,22063,7607
2007-06-20,5454,17464,12010
2007-06-21,-16544,64583,81127
2007-06-22,4675,11374,6700
2007-06-25,7012,13389,6377
2007-06-26,-1318,5593,6911
2007-06-27,-2705,10924,13629
2007-06-28,-12412,64983,77395
2007-06-29,-18580,11588,30168
2007-07-02,8047,62895,54848
2007-07-03,-25014,5606,30621
2007-07-05,2156,71602,69445
2007-07-06,-954,7283,8236
2007-07-09,3963,11235,7272
2007-07-10,-3830,3437,7267
2007-07-11,-2156,10039,12194
2007-07-12,-994,61245,62239
2007-07-13,-1773,10406,12179
2007-07-16,18610,33910,15300
2007-07-17,-2872,4433,7304
2007-07-18,-1695,9740,11436
2007-07-19,2019,62239,60220
2007-07-20,-458,6447,6905
2007-07-23,4908,11086,6178
2007-07-24,-3262,3616,6879
2007-07-25,-3591,8912,12503
2007-07-26,9405,72067,62662
2007-07-27,-607,8676,9284
2007-07-30,3910,12259,8349
2007-07-31,16319,53329,37010
2007-08-01,-20730,19775,40505
2007-08-02,22434,86668,64234
2007-08-03,-18575,9509,28084
2007-08-06,3443,11180,7737
2007-08-07,-5044,3961,9005
2007-08-08,-3477,10041,13518
2007-08-09,22968,86842,63874
2007-08-10,-2543,6947,9491
2007-08-13,3751,11449,7698
2007-08-14,-1958,5539,7497
2007-08-15,-36440,83829,120268
2007-08-16,1785,92458,90673
2007-08-17,581,7159,6579
2007-08-20,4913,10844,5931
2007-08-21,-3295,3847,7142
2007-08-22,-943,10971,11914
2007-08-23,1600,85017,83416
2007-08-24,-2542,6346,8889
2007-08-27,3899,11729,7830
2007-08-28,-5931,2949,8880
2007-08-29,3181,9919,6738
2007-08-30,4815,87769,82953
2007-08-31,-9787,67091,76879
2007-09-04,-853,22794,23647
2007-09-05,-2570,7852,10422
2007-09-06,5421,90071,84650
2007-09-07,-2918,7004,9922
2007-09-10,2807,11863,9056
2007-09-11,-1571,6481,8052
2007-09-12,-1094,11542,12636
2007-09-13,-337,81949,82286
2007-09-14,11821,20604,8783
2007-09-17,60360,95515,35156
2007-09-18,10344,17639,7295
2007-09-19,2758,15813,13054
2007-09-20,-15600,68524,84124
2007-09-21,5074,14515,9441
2007-09-24,9365,18613,9248
2007-09-25,335,10254,9919
2007-09-26,-2569,11110,13679
2007-09-27,-22256,59947,82203
2007-09-28,7274,16146,8871
2007-10-01,-10312,62894,73206
2007-10-02,-1121,5483,6604
2007-10-03,-17404,11774,29178
2007-10-04,-17714,59583,77297
2007-10-05,-3663,7185,10848
2007-10-09,3047,12481,9433
2007-10-10,-11815,5216,17032
2007-10-11,-7256,62248,69504
2007-10-12,-369,6980,7349
2007-10-15,14843,27898,13054
2007-10-16,3829,11579,7750
2007-10-17,-2767,10102,12869
2007-10-18,-7407,58178,65585
2007-10-19,300,10298,9998
2007-10-22,4642,13120,8478
2007-10-23,-1069,5977,7046
2007-10-24,-5020,8610,13629
2007-10-25,-190,64582,64772
2007-10-26,-996,6902,7897
2007-10-29,5208,13077,7869
2007-10-30,-4863,3563,8426
2007-10-31,22818,60104,37286
2007-11-01,-5142,89606,94749
2007-11-02,-21552,9358,30910
2007-11-05,1259,12004,10745
2007-11-06,-4748,4276,9023
2007-11-07,2714,10512,7798
2007-11-08,17829,84635,66805
2007-11-09,-407,6658,7065
2007-11-13,2164,12147,9983
2007-11-14,-6454,8588,15043
2007-11-15,-16006,139457,155463
2007-11-16,3608,14071,10463
2007-11-19,2102,11349,9247
2007-11-20,-3930,4177,8107
2007-11-21,-3656,11178,14834
2007-11-23,8590,91325,82735
2007-11-26,2687,9387,6700
2007-11-27,-4925,3096,8021
2007-11-28,-6319,8237,14556
2007-11-29,9969,91896,81928
2007-11-30,-7195,50713,57909
2007-12-03,4272,53760,49488
2007-12-04,-5268,4485,9752
2007-12-05,1579,10831,9252
2007-12-06,-708,85909,86617
2007-12-07,-627,6648,7274
2007-12-10,4182,11790,7607
2007-12-11,-4379,3759,8138
2007-12-12,3591,17548,13956
2007-12-13,-6145,80853,86998
2007-12-14,8340,21013,12673
2007-12-17,54687,104051,49364
2007-12-18,-2465,5622,8086
2007-12-19,-690,12012,12703
2007-12-20,-15868,67534,83402
2007-12-21,943,11132,10189
2007-12-24,12341,17409,5068
2007-12-26,-6267,5414,11681
2007-12-27,-20754,63624,84378
2007-12-28,1997,13268,11271
2007-12-31,19669,65252,45583
2008-01-02,-11095,25834,36930
2008-01-03,-36235,67356,103591
2008-01-04,1865,10802,8937
2008-01-07,3837,12126,8289
2008-01-08,-436,8030,8467
2008-01-09,-3012,10424,13437
2008-01-10,-3891,69528,73419
2008-01-11,-37,9269,9306
2008-01-14,8261,16488,8227
2008-01-15,-5890,33550,39440
2008-01-16,7538,20193,12655
2008-01-17,-9486,61462,70949
2008-01-18,9051,15702,6651
2008-01-22,15588,22673,7085
2008-01-23,11262,25842,14580
2008-01-24,1311,71698,70387
2008-01-25,-7825,12228,20053
2008-01-28,6389,14465,8077
2008-01-29,-2335,6151,8485
2008-01-30,2934,10047,7113
2008-01-31,25503,131913,106410
2008-02-01,-47995,23076,71071
2008-02-04,6880,14680,7800
2008-02-05,-5453,4082,9535
2008-02-06,3440,11946,8507
2008-02-07,13623,91644,78021
2008-02-08,-19974,7380,27354
2008-02-11,1876,12803,10927
2008-02-12,-3978,4265,8243
2008-02-13,-5904,7804,13708
2008-02-14,42632,111844,69212
2008-02-15,-52332,75017,127348
2008-02-19,14396,24082,9686
2008-02-20,-10444,6362,16805
2008-02-21,22595,97101,74506
2008-02-22,-18990,7270,26260
2008-02-25,5545,15034,9489
2008-02-26,-8249,3977,12226
2008-02-27,3976,19109,15133
2008-02-28,10481,95913,85433
2008-02-29,-11370,59670,71040
2008-03-03,14911,58960,44049
2008-03-04,-4793,4560,9352
2008-03-05,1820,12024,10204
2008-03-06,9518,97603,88084
2008-03-07,-12068,7882,19950
2008-03-10,4827,15489,10662
2008-03-11,-4455,4554,9009
2008-03-12,-4821,10336,15157
2008-03-13,4811,90026,85215
2008-03-14,752,18199,17447
2008-03-17,13399,63993,50594
2008-03-18,-3828,4847,8676
2008-03-19,-3283,11636,14919
2008-03-20,1879,83395,81516
2008-03-21,-8102,8906,17008
2008-03-24,2758,12350,9592
2008-03-25,-5313,3939,9252
2008-03-26,-4907,10358,15265
2008-03-27,10714,95424,84710
2008-03-28,-5086,9493,14579
2008-03-31,26379,65431,39052
2008-04-01,2261,46824,44564
2008-04-02,2995,12139,9144
2008-04-03,-36981,72987,109968
2008-04-04,-6192,10518,16710
2008-04-07,2539,14073,11533
2008-04-08,-2019,8004,10023
2008-04-09,-5064,10215,15280
2008-04-10,1047,85976,84929
2008-04-11,-806,12435,13242
2008-04-14,12073,20320,8246
2008-04-15,5379,75052,69673
2008-04-16,-1030,39706,40735
2008-04-17,-7231,94186,101417
2008-04-18,3688,19766,16078
2008-04-21,-847,28331,29178
2008-04-22,18809,49330,30522
2008-04-23,14933,29540,14607
2008-04-24,2890,80102,77213
2008-04-25,6779,22798,16019
2008-04-28,19917,28571,8654
2008-04-29,18876,29232,10357
2008-04-30,42554,83072,40517
2008-05-01,-38135,73254,111389
2008-05-02,-27682,12361,40042
2008-05-05,123,13368,13245
2008-05-06,-5910,6486,12397
2008-05-07,1164,12695,11531
2008-05-08,-5740,71089,76829
2008-05-09,-15872,6909,22781
2008-05-12,3458,11949,8490
2008-05-13,-5748,2946,8694
2008-05-14,-5664,10309,15973
2008-05-15,-33000,156218,189218
2008-05-16,-3011,14628,17639
2008-05-19,1762,12418,10656
2008-05-20,11927,21580,9653
2008-05-21,-4283,11936,16220
2008-05-22,9418,84083,74665
2008-05-23,-928,7477,8405
2008-05-27,4149,12104,7955
2008-05-28,-12052,5849,17901
2008-05-29,4000,84510,80510
2008-05-30,-4783,27821,32604
2008-06-02,20306,78636,58331
2008-06-03,-27030,4247,31277
2008-06-04,435,10837,10402
2008-06-05,943,90126,89183
2008-06-06,-2190,7244,9434
2008-06-09,3358,11816,8459
2008-06-10,-3922,5094,9016
2008-06-11,18016,32937,14920
2008-06-12,-19222,76437,95658
2008-06-13,6152,19010,12857
2008-06-16,30822,85182,54359
2008-06-17,6159,15481,9322
2008-06-18,268,15821,15553
2008-06-19,-30087,73841,103927
2008-06-20,6989,15123,8134
2008-06-23,13254,20694,7440
2008-06-24,-2368,7612,9980
2008-06-25,-5357,11338,16695
2008-06-26,-9123,70393,79515
2008-06-27,-1091,9988,11079
2008-06-30,33100,73277,40177
2008-07-01,-37138,15194,52332
2008-07-02,289,12098,11809
2008-07-03,-2815,93795,96610
2008-07-07,4919,15746,10827
2008-07-08,-6702,3734,10435
2008-07-09,-7273,8835,16108
2008-07-10,4551,84996,80446
2008-07-11,-3262,7508,10770
2008-07-14,-600,13591,14191
2008-07-15,700,20174,19473
2008-07-16,438,15677,15239
2008-07-17,2326,87242,84916
2008-07-18,1119,8294,7176
2008-07-21,4932,11532,6600
2008-07-22,3866,11799,7932
2008-07-23,-894,13138,14032
2008-07-24,5910,80235,74324
2008-07-25,-2355,7749,10104
2008-07-28,1032,12945,11913
2008-07-29,-7693,5206,12898
2008-07-30,1000,9214,8214
2008-07-31,45889,168586,122697
2008-08-01,-46368,20382,66750
2008-08-04,4907,13736,8829
2008-08-05,-4787,4198,8985
2008-08-06,4103,11424,7321
2008-08-07,-3735,82384,86119
2008-08-08,-3537,7207,10745
2008-08-11,2465,11454,8989
2008-08-12,-4425,3557,7982
2008-08-13,19908,33265,13357
2008-08-14,-10406,88029,98434
2008-08-15,-14578,77313,91890
2008-08-18,10499,18171,7672
2008-08-19,-4259,2923,7182
2008-08-20,-3690,10805,14496
2008-08-21,2549,92317,89768
2008-08-22,-2965,7431,10396
2008-08-25,2822,11866,9044
2008-08-26,4669,14171,9502
2008-08-27,-6466,8217,14683
2008-08-28,18247,110797,92550
2008-08-29,-19638,11298,30937
2008-09-02,29590,82845,53254
2008-09-03,-24810,6187,30997
2008-09-04,-1744,92135,93879
2008-09-05,-4298,7491,11789
2008-09-08,955,11540,10585
2008-09-09,15132,24219,9087
2008-09-10,-5001,8973,13974
2008-09-11,-6832,86927,93758
2008-09-12,7778,14802,7024
2008-09-15,3549,80341,76792
2008-09-16,15927,23197,7270
2008-09-17,440,14284,13844
2008-09-18,14680,133245,118565
2008-09-19,66889,78383,11493
2008-09-22,69839,80580,10741
2008-09-23,-1536,10202,11738
2008-09-24,-5938,10934,16872
2008-09-25,51931,151792,99860
2008-09-26,35738,47626,11888
2008-09-29,66313,75379,9066
2008-09-30,36131,71760,35628
2008-10-02,14825,138350,123525
2008-10-03,21667,54062,32395
2008-10-06,-781,11364,12146
2008-10-07,23561,34138,10578
2008-10-08,23164,39112,15949
2008-10-09,10076,128381,118305
2008-10-10,25549,36795,11246
2008-10-14,1906,12512,10606
2008-10-15,22264,62198,39934
2008-10-16,9102,141219,132117
2008-10-17,-10143,7436,17579
2008-10-20,131294,141306,10012
2008-10-21,-3865,6344,10209
2008-10-22,32000,46935,14934
2008-10-23,20982,152153,131171
2008-10-24,-3943,6784,10727
2008-10-27,2345,11367,9022
2008-10-28,-119990,3356,123347
2008-10-29,140,9925,9784
2008-10-30,2399,125900,123501
2008-10-31,18516,78420,59903
2008-11-03,-21267,25307,46573
2008-11-04,-5627,5407,11035
2008-11-05,-42,10780,10822
2008-11-06,50217,168165,117948
2008-11-07,-5497,6620,12117
2008-11-10,-2949,11001,13950
2008-11-12,-14802,5852,20655
2008-11-13,-45043,98534,143577
2008-11-14,-558,50052,50610
2008-11-17,-11830,87324,99154
2008-11-18,27655,38038,10383
2008-11-19,-6080,10280,16360
2008-11-20,-6893,117451,124344
2008-11-21,-7876,6837,14713
2008-11-24,-14454,10738,25192
2008-11-25,-44814,6370,51184
2008-11-26,-6730,12923,19653
2008-11-28,4088,144292,140204
2008-12-01,11241,83472,72231
2008-12-02,4045,6105,2059
2008-12-03,-20711,10257,30967
2008-12-04,-30954,101993,132947
2008-12-05,-6202,6830,13031
2008-12-08,2321,11513,9192
2008-12-09,-4379,4565,8944
2008-12-10,-6339,9135,15473
2008-12-11,-34470,111322,145792
2008-12-12,-1899,12562,14461
2008-12-15,74272,106388,32116
2008-12-16,3382,13199,9817
2008-12-17,-4715,9824,14540
2008-12-18,-68081,111885,179966
2008-12-19,-635,11621,12256
2008-12-22,6080,15974,9894
2008-12-23,-8995,6168,15163
2008-12-24,-6122,14752,20874
2008-12-26,-33240,91368,124607
2008-12-29,-54,14896,14950
2008-12-30,-3559,8341,11900
2008-12-31,-6796,91402,98198
2009-01-02,-82886,143910,226795
2009-01-05,5774,16324,10550
2009-01-06,-4032,6038,10070
2009-01-07,3429,13623,10194
2009-01-08,-31826,119571,151397
2009-01-09,-22269,8641,30910
2009-01-12,3926,14857,10932
2009-01-13,-2546,7741,10287
2009-01-14,-3398,12902,16301
2009-01-15,13773,210239,196465
2009-01-16,-14349,18100,32449
2009-01-20,3999,13389,9391
2009-01-21,12303,36203,23900
2009-01-22,-12158,134020,146178
2009-01-23,570,12504,11935
2009-01-26,2393,14955,12562
2009-01-27,-14008,4782,18790
2009-01-28,-9541,8983,18525
2009-01-29,7734,138439,130704
2009-01-30,-27783,18759,46543
2009-02-02,51950,101798,49848
2009-02-03,-27172,5409,32581
2009-02-04,-475,10461,10936
2009-02-05,40244,128860,88616
2009-02-06,-21407,8197,29604
2009-02-09,560,12186,11625
2009-02-10,-7577,4059,11636
2009-02-11,-9404,8670,18074
2009-02-12,37372,129062,91690
2009-02-13,-32065,10616,42681
2009-02-17,11653,98049,86395
2009-02-18,-16627,5600,22227
2009-02-19,8890,109671,100781
2009-02-20,9141,42590,33449
2009-02-23,4830,16057,11227
2009-02-24,-6614,5387,12001
2009-02-25,-11116,8610,19726
2009-02-26,33529,145837,112308
2009-02-27,-35139,12475,47614
2009-03-02,75005,129790,54785
2009-03-03,-27889,5041,32930
2009-03-04,-2325,10874,13199
2009-03-05,-1330,136757,138087
2009-03-06,-18510,8728,27238
2009-03-09,2941,15250,12308
2009-03-10,-7156,4356,11512
2009-03-11,-9786,8985,18770
2009-03-12,18560,159683,141123
2009-03-13,-9014,14853,23867
2009-03-16,71212,102487,31275
2009-03-17,-5826,5525,11351
2009-03-18,-8280,9484,17765
2009-03-19,-2490,136896,139385
2009-03-20,-15496,8408,23904
2009-03-23,-9160,13037,22197
2009-03-24,-9327,4277,13604
2009-03-25,-8500,9436,17936
2009-03-26,-1738,135468,137206
2009-03-27,-12042,8084,20126
2009-03-30,-4130,13947,18077
2009-03-31,27784,110783,82999
2009-04-01,-29127,22612,51739
2009-04-02,3893,139616,135723
2009-04-03,-2582,38871,41453
2009-04-06,-981,11776,12757
2009-04-07,-7046,5789,12835
2009-04-08,-7359,10206,17565
2009-04-09,17796,157652,139856
2009-04-10,-12047,8633,20680
2009-04-13,1649,13807,12158
2009-04-14,6255,16933,10678
2009-04-15,57104,99855,42750
2009-04-16,-39030,95260,134290
2009-04-17,-2426,19492,21918
2009-04-20,10358,22522,12164
2009-04-21,25144,39038,13894
2009-04-22,5036,23452,18416
2009-04-23,-6531,100049,106581
2009-04-24,-4232,20078,24310
2009-04-27,14263,22830,8567
2009-04-28,1118,13371,12253
2009-04-29,-35332,11605,46937
2009-04-30,73382,204681,131300
2009-05-01,-54302,22801,77103
2009-05-04,407,15805,15398
2009-05-05,-7983,6673,14656
2009-05-06,-3649,11852,15501
2009-05-07,14161,157694,143533
2009-05-08,-4414,7264,11678
2009-05-11,42,10774,10732
2009-05-12,-11764,3673,15437
2009-05-13,-11533,8352,19884
2009-05-14,5363,139143,133780
2009-05-15,-12761,134582,147343
2009-05-18,2842,17789,14947
2009-05-19,-6394,3348,9742
2009-05-20,-8282,10701,18983
2009-05-21,-688,135291,135980
2009-05-22,-9785,7471,17255
2009-05-26,1104,11441,10337
2009-05-27,-17769,5584,23353
2009-05-28,9021,141758,132737
2009-05-29,-4604,11856,16460
2009-06-01,49572,128434,78862
2009-06-02,-4829,6323,11152
2009-06-03,-22318,9962,32280
2009-06-04,292,194196,193904
2009-06-05,-3885,6646,10531
2009-06-08,733,11215,10482
2009-06-09,-6850,3924,10774
2009-06-10,-10768,9403,20170
2009-06-11,-7016,130916,137932
2009-06-12,-2872,14153,17025
2009-06-15,54516,113296,58780
2009-06-16,6982,16723,9741
2009-06-17,64031,80170,16139
2009-06-18,-10649,98506,109155
2009-06-19,1920,13915,11995
2009-06-22,7557,17569,10012
2009-06-23,-5820,6377,12198
2009-06-24,-46934,9164,56098
2009-06-25,-9242,96922,106164
2009-06-26,-10522,8005,18526
2009-06-29,3336,16433,13096
2009-06-30,53485,120464,66979
2009-07-01,-37766,20669,58436
2009-07-02,-52902,136443,189345
2009-07-06,30125,39596,9471
2009-07-07,-10582,3491,14074
2009-07-08,-8099,8655,16754
2009-07-09,-13104,104632,117736
2009-07-10,-4077,7828,11905
2009-07-13,-255,11111,11366
2009-07-14,-2428,8390,10818
2009-07-15,48060,88619,40558
2009-07-16,14463,147509,133046
2009-07-17,-3950,6166,10116
2009-07-20,-406,10280,10686
2009-07-21,-6250,3442,9693
2009-07-22,-7377,10850,18227
2009-07-23,5142,136856,131714
2009-07-24,-5528,6794,12322
2009-07-27,3127,12108,8982
2009-07-28,-7217,3806,11024
2009-07-29,721,11306,10586
2009-07-30,-32232,162295,194527
2009-07-31,67355,129287,61932
2009-08-03,-24593,24409,49002
2009-08-04,-7094,5505,12599
2009-08-05,284,10978,10694
2009-08-06,-6341,136061,142402
2009-08-07,-4062,7522,11584
2009-08-10,-845,11235,12081
2009-08-11,-7585,3786,11371
2009-08-12,-6977,9962,16939
2009-08-13,-8179,143569,151748
2009-08-14,-2533,10093,12627
2009-08-17,-6913,107975,114889
2009-08-18,29051,39309,10258
2009-08-19,-6876,10017,16893
2009-08-20,-4801,129489,134290
2009-08-21,-6609,7048,13657
2009-08-24,-1544,12315,13858
2009-08-25,-5791,3225,9015
2009-08-26,-8743,9620,18363
2009-08-27,-1506,128104,129609
2009-08-28,-2515,8635,11150
2009-08-31,84507,124796,40289
2009-09-01,-34043,13646,47689
2009-09-02,-519,11262,11781
2009-09-03,-34324,93290,127614
2009-09-04,-6065,9369,15435
2009-09-08,-3316,12133,15449
2009-09-09,-12232,6911,19143
2009-09-10,6413,122699,116285
2009-09-11,-3749,9396,13145
2009-09-14,2957,17953,14996
2009-09-15,62388,111836,49449
2009-09-16,1633,19017,17384
2009-09-17,-22176,82670,104846
2009-09-18,1581,16387,14806
2009-09-21,4771,19348,14577
2009-09-22,2943,13585,10642
2009-09-23,-8667,12393,21059
2009-09-24,-53519,111728,165247
2009-09-25,-6713,6952,13665
2009-09-28,-702,12974,13676
2009-09-29,-2547,8089,10636
2009-09-30,85936,138376,52440
2009-10-01,-77558,99226,176785
2009-10-02,-24337,9027,33364
2009-10-05,-2379,10422,12801
2009-10-06,-8273,4070,12343
2009-10-07,237,11275,11037
2009-10-08,-35175,94265,129439
2009-10-09,-2989,6551,9540
2009-10-13,6516,21182,14666
2009-10-14,-13769,7526,21296
2009-10-15,38894,184860,145966
2009-10-16,-3018,13199,16217
2009-10-19,-2911,11122,14033
2009-10-20,-5957,5791,11748
2009-10-21,-3842,13351,17193
2009-10-22,-61638,121569,183208
2009-10-23,-1062,8324,9386
2009-10-26,545,10338,9792
2009-10-27,-6377,5105,11483
2009-10-28,-9607,9385,18992
2009-10-29,-26878,112276,139154
2009-10-30,1030,42841,41811
2009-11-02,87488,143973,56484
2009-11-03,-27229,7357,34585
2009-11-04,1612,12202,10591
2009-11-05,996,101585,100589
2009-11-06,-4093,7128,11221
2009-11-09,-28,9942,9969
2009-11-10,-15484,4539,20023
2009-11-12,977,103821,102844
2009-11-13,-12220,10326,22547
2009-11-16,27057,114588,87531
2009-11-17,-7867,4631,12497
2009-11-18,-8627,10222,18850
2009-11-19,-29418,129184,158603
2009-11-20,-4371,6907,11277
2009-11-23,521,11598,11078
2009-11-24,-7742,5307,13049
2009-11-25,-8298,10584,18882
2009-11-27,-1821,107788,109608
2009-11-30,88027,134519,46493
2009-12-01,-37647,14243,51890
2009-12-02,-1411,11347,12758
2009-12-03,-27183,101903,129086
2009-12-04,-2741,8556,11297
2009-12-07,-4817,10410,15227
2009-12-08,-7318,3897,11215
2009-12-09,37270,55544,18273
2009-12-10,4894,123906,119012
2009-12-11,-3798,8988,12786
2009-12-14,-13554,16732,30286
2009-12-15,89407,119459,30051
2009-12-16,-261,18600,18861
2009-12-17,-42853,127224,170078
2009-12-18,1281,11941,10660
2009-12-21,3434,14343,10909
2009-12-22,-3291,8331,11622
2009-12-23,28821,57681,28860
2009-12-24,-7385,102639,110024
2009-12-28,3129,14837,11709
2009-12-29,-13927,12570,26497
2009-12-30,38288,64940,26652
2009-12-31,37060,223439,186379
2010-01-04,-14767,29540,44307
2010-01-05,-8464,6405,14869
2010-01-06,3173,14323,11150
2010-01-07,-28466,74360,102826
2010-01-08,1684,13254,11571
2010-01-11,-268,12357,12626
2010-01-12,-6008,7155,13163
2010-01-13,-9306,10102,19408
2010-01-14,-30989,98954,129942
2010-01-15,53052,104400,51348
2010-01-19,12054,23162,11109
2010-01-20,12210,32658,20448
2010-01-21,-30473,74526,104998
2010-01-22,-4573,8555,13128
2010-01-25,2630,13749,11118
2010-01-26,-4333,7092,11425
2010-01-27,-7042,10734,17777
2010-01-28,-32162,69722,101883
2010-01-29,-10036,13134,23170
2010-02-01,65362,146672,81310
2010-02-02,-4196,6571,10767
2010-02-03,-23143,11127,34271
2010-02-04,-17768,78192,95960
2010-02-05,-26193,7967,34160
2010-02-08,614,13844,13231
2010-02-09,-8278,5343,13621
2010-02-10,-2829,16953,19783
2010-02-11,223,111491,111268
2010-02-12,-32098,11525,43623
2010-02-16,26093,126047,99954
2010-02-17,-12673,8720,21393
2010-02-18,11005,97534,86529
2010-02-19,-27094,7715,34809
2010-02-22,-961,13898,14859
2010-02-23,-9285,5488,14773
2010-02-24,-10375,9810,20185
2010-02-25,28038,121113,93075
2010-02-26,-6163,19345,25508
2010-03-01,64899,150694,85795
2010-03-02,-5886,6734,12620
2010-03-03,-20517,13809,34326
2010-03-04,24718,116744,92026
2010-03-05,-17473,8610,26083
2010-03-08,2982,17896,14914
2010-03-09,-6682,6626,13308
2010-03-10,-8585,11317,19902
2010-03-11,22422,148275,125852
2010-03-12,-6893,13346,20238
2010-03-15,86808,115663,28856
2010-03-16,4685,15258,10573
2010-03-17,-7829,11459,19288
2010-03-18,13214,119606,106391
2010-03-19,-16731,9334,26065
2010-03-22,353,14339,13987
2010-03-23,-8148,3876,12024
2010-03-24,-11062,9398,20459
2010-03-25,17671,124495,106824
2010-03-26,-16664,7271,23935
2010-03-29,-3631,13847,17478
2010-03-30,-6483,6172,12655
2010-03-31,75546,141081,65535
2010-04-01,-24330,151503,175833
2010-04-02,-34502,8895,43398
2010-04-05,20488,34216,13728
2010-04-06,-8515,5831,14346
2010-04-07,779,12630,11851
2010-04-08,24010,153087,129077
2010-04-09,-10480,8692,19172
2010-04-12,4486,13999,9513
2010-04-13,-1297,9998,11295
2010-04-14,-2726,17055,19781
2010-04-15,61172,234026,172854
2010-04-16,-4613,15464,20077
2010-04-19,-7037,23759,30795
2010-04-20,23977,36481,12504
2010-04-21,4123,25199,21076
2010-04-22,-8247,118740,126987
2010-04-23,-1760,20207,21967
2010-04-26,12168,20896,8728
2010-04-27,4390,15324,10933
2010-04-28,-11735,10323,22057
2010-04-29,-24929,99013,123942
2010-04-30,66307,147468,81161
2010-05-03,-24539,28927,53466
2010-05-04,-7490,9032,16522
2010-05-05,3697,16505,12808
2010-05-06,-22065,134646,156711
2010-05-07,-8814,7986,16800
2010-05-10,-6513,12397,18909
2010-05-11,-6481,5167,11648
2010-05-12,-9793,11067,20860
2010-05-13,-4124,117039,121163
2010-05-14,-4980,13577,18558
2010-05-17,38407,112309,73902
2010-05-18,-7427,4196,11623
2010-05-19,-7951,11178,19129
2010-05-20,2527,119263,116736
2010-05-21,-6383,7183,13566
2010-05-24,2806,12600,9795
2010-05-25,-4360,4633,8993
2010-05-26,-8055,11965,20019
2010-05-27,6979,118706,111727
2010-05-28,-3811,11838,15648
2010-06-01,46251,139440,93189
2010-06-02,-3826,9003,12829
2010-06-03,-21818,150336,172154
2010-06-04,-4935,7352,12286
2010-06-07,-683,11012,11695
2010-06-08,-6878,5028,11907
2010-06-09,-8886,10545,19430
2010-06-10,-11557,145495,157052
2010-06-11,-3294,9827,13122
2010-06-14,8392,20496,12104
2010-06-15,72583,130779,58196
2010-06-16,648,19211,18563
2010-06-17,-45200,122281,167481
2010-06-18,2460,12840,10380
2010-06-21,8005,18886,10881
2010-06-22,2343,13226,10882
2010-06-23,-7177,11589,18766
2010-06-24,-10044,117849,127893
2010-06-25,-4088,8442,12530
2010-06-28,-364,12959,13322
2010-06-29,-3751,7382,11133
2010-06-30,59503,129875,70372
2010-07-01,-40257,164764,205021
2010-07-02,-23483,9476,32960
2010-07-06,-1295,11288,12583
2010-07-07,-6069,7301,13370
2010-07-08,10006,135115,125109
2010-07-09,-6279,6895,13173
2010-07-12,-378,12193,12571
2010-07-13,-6795,3820,10615
2010-07-14,-5073,12961,18034
2010-07-15,42104,218074,175970
2010-07-16,3135,13078,9944
2010-07-19,1889,10634,8745
2010-07-20,-4455,4915,9370
2010-07-21,-6769,11560,18329
2010-07-22,3312,123638,120325
2010-07-23,-4360,9458,13818
2010-07-26,2680,12310,9630
2010-07-27,-6007,4394,10402
2010-07-28,-9093,10290,19383
2010-07-29,-1464,153927,155391
2010-07-30,-27683,10057,37740
2010-08-02,66846,134271,67424
2010-08-03,-27239,6343,33582
2010-08-04,3164,14010,10847
2010-08-05,-808,124983,125791
2010-08-06,-6088,7760,13847
2010-08-09,437,12275,11838
2010-08-10,-4031,7141,11171
2010-08-11,-6613,11605,18218
2010-08-12,-480,127290,127771
2010-08-13,-6128,9669,15797
2010-08-16,23035,99690,76655
2010-08-17,-6187,4610,10797
2010-08-18,-6968,11882,18850
2010-08-19,-1976,125381,127357
2010-08-20,-7829,7862,15690
2010-08-23,1934,14512,12577
2010-08-24,-8238,3716,11953
2010-08-25,-8200,9720,17920
2010-08-26,7250,189077,181828
2010-08-27,-6515,8262,14777
2010-08-30,805,11684,10880
2010-08-31,68083,120333,52250
2010-09-01,-29816,20468,50284
2010-09-02,4258,129918,125659
2010-09-03,-28232,9422,37654
2010-09-07,-2031,12423,14454
2010-09-08,-15671,7788,23459
2010-09-09,3329,133787,130459
2010-09-10,-2068,8954,11023
2010-09-13,1790,13457,11667
2010-09-14,4234,15283,11049
2010-09-15,103205,138946,35740
2010-09-16,-35828,128942,164770
2010-09-17,-4084,10219,14303
2010-09-20,3120,18257,15136
2010-09-21,5989,18094,12105
2010-09-22,-6184,13545,19729
2010-09-23,-15896,147431,163328
2010-09-24,-5684,7311,12995
2010-09-27,5470,13706,8236
2010-09-28,-7036,5671,12707
2010-09-29,3454,14194,10739
2010-09-30,50046,229225,179179
2010-10-01,-58551,18778,77329
2010-10-04,4429,14777,10349
2010-10-05,-6151,6681,12832
2010-10-06,1927,12297,10369
2010-10-07,-23740,118328,142069
2010-10-08,-2987,7084,10071
2010-10-12,3928,18684,14756
2010-10-13,-11085,11298,22384
2010-10-14,-8248,119862,128111
2010-10-15,49215,83305,34089
2010-10-18,6483,19373,12889
2010-10-19,-6557,5354,11911
2010-10-20,-4306,14449,18755
2010-10-21,-9535,140331,149866
2010-10-22,-4498,7208,11706
2010-10-25,5690,13041,7351
2010-10-26,-6933,4656,11589
2010-10-27,-9716,10442,20158
2010-10-28,-8886,112660,121546
2010-10-29,5864,23946,18081
2010-11-01,34226,126049,91823
2010-11-02,-4027,7526,11552
2010-11-03,-18378,14047,32426
2010-11-04,-6334,117701,124035
2010-11-05,-5358,6773,12131
2010-11-08,-659,11419,12078
2010-11-09,-7439,3747,11186
2010-11-10,-7985,12789,20773
2010-11-12,-6847,120184,127031
2010-11-15,46698,104239,57541
2010-11-16,-928,11138,12066
2010-11-17,-8481,10727,19208
2010-11-18,-10634,139962,150596
2010-11-19,1226,12014,10787
2010-11-22,1106,11988,10882
2010-11-23,4772,18038,13266
2010-11-24,-11144,10274,21418
2010-11-26,410,120168,119758
2010-11-29,879,12714,11836
2010-11-30,54097,111497,57400
2010-12-01,-33928,20573,54501
2010-12-02,-2866,122167,125033
2010-12-03,-23779,8676,32455
2010-12-06,37,11163,11126
2010-12-07,-8197,4477,12674
2010-12-08,8894,27834,18940
2010-12-09,-6149,113606,119755
2010-12-10,6798,19226,12428
2010-12-13,2903,14759,11856
2010-12-14,-1631,10333,11964
2010-12-15,70080,122543,52463
2010-12-16,-1332,149815,151147
2010-12-17,675,10684,10009
2010-12-20,3718,14785,11067
2010-12-21,-1990,10250,12239
2010-12-22,-2739,17908,20646
2010-12-23,-4992,119508,124501
2010-12-27,6572,13280,6708
2010-12-28,-7551,5199,12750
2010-12-29,3323,14806,11483
2010-12-30,-16958,123520,140479
2011-01-03,-33570,30087,63657
2011-01-04,-6783,6185,12969
2011-01-05,5317,17620,12303
2011-01-06,-9234,113669,122903
2011-01-07,-5023,8276,13299
2011-01-10,-117,12994,13111
2011-01-11,-5514,6147,11661
2011-01-12,-10275,9217,19491
2011-01-13,-13498,139598,153096
2011-01-14,-20868,14012,34880
2011-01-18,50459,94921,44462
2011-01-19,2451,22804,20353
2011-01-20,-699,123290,123990
2011-01-21,-5326,9669,14995
2011-01-24,6189,18482,12293
2011-01-25,1493,10856,9362
2011-01-26,-1567,17662,19230
2011-01-27,-12758,118508,131266
2011-01-28,-7753,12040,19793
2011-01-31,73487,131625,58137
2011-02-01,-33604,19401,53005
2011-02-02,4332,15618,11285
2011-02-03,-40561,103428,143989
2011-02-04,-19470,9929,29399
2011-02-07,-1326,13322,14648
2011-02-08,-7984,4182,12166
2011-02-09,-11043,9661,20704
2011-02-10,-24277,129235,153512
2011-02-11,-26809,6092,32900
2011-02-14,4802,17481,12679
2011-02-15,15412,83108,67696
2011-02-16,-2048,17654,19702
2011-02-17,-19827,104947,124774
2011-02-18,-19324,9917,29241
2011-02-22,-1059,16403,17463
2011-02-23,-16203,8018,24221
2011-02-24,-16092,116248,132340
2011-02-25,2672,33610,30937
2011-02-28,53881,133114,79232
2011-03-01,-33636,20128,53765
2011-03-02,-5460,13003,18463
2011-03-03,-22155,134198,156353
2011-03-04,-20416,10684,31100
2011-03-07,5073,20213,15141
2011-03-08,66,11877,11811
2011-03-09,-8410,11098,19508
2011-03-10,-26702,135896,162597
2011-03-11,-12799,9044,21843
2011-03-14,10087,21767,11680
2011-03-15,75207,91706,16499
2011-03-16,1964,23320,21356
2011-03-17,-23223,110304,133528
2011-03-18,-14154,9845,23999
2011-03-21,-623,12862,13486
2011-03-22,-7921,5053,12974
2011-03-23,-8765,11436,20200
2011-03-24,-24376,117218,141594
2011-03-25,-9922,6877,16798
2011-03-28,1688,12968,11279
2011-03-29,-7498,5792,13290
2011-03-30,7595,19173,11578
2011-03-31,51823,231607,179784
2011-04-01,-62766,20855,83620
2011-04-04,-154,15128,15282
2011-04-05,-9645,5337,14982
2011-04-06,2483,13335,10852
2011-04-07,-6022,136312,142334
2011-04-08,-11523,8441,19964
2011-04-11,600,13855,13255
2011-04-12,-80,10109,10189
2011-04-13,855,20101,19246
2011-04-14,4766,118233,113466
2011-04-15,28651,103032,74382
2011-04-18,30532,42447,11915
2011-04-19,17743,29049,11306
2011-04-20,6710,25951,19240
2011-04-21,-23129,116588,139717
2011-04-22,1168,20394,19226
2011-04-25,16169,25947,9777
2011-04-26,24310,34920,10609
2011-04-27,-5530,17449,22979
2011-04-28,-10707,100821,111528
2011-04-29,-16028,32363,48391
2011-05-02,45313,138880,93568
2011-05-03,-23788,10435,34224
2011-05-04,4445,16237,11792
2011-05-05,-21246,121037,142283
2011-05-06,-2319,13435,15753
2011-05-09,1520,13185,11665
2011-05-10,-7008,4060,11068
2011-05-11,-8465,11318,19783
2011-05-12,-13196,100108,113304
2011-05-13,-5639,11577,17216
2011-05-16,58043,97466,39423
2011-05-17,-6079,4373,10452
2011-05-18,-11385,10735,22120
2011-05-19,-19968,95524,115492
2011-05-20,-4398,6925,11324
2011-05-23,3232,13258,10027
2011-05-24,-6480,9179,15659
2011-05-25,-8335,11253,19588
2011-05-26,-19543,86132,105675
2011-05-27,1140,15901,14762
2011-05-31,57318,135555,78238
2011-06-01,-38640,16859,55499
2011-06-02,-10845,118944,129789
2011-06-03,-25553,8338,33891
2011-06-06,-246,11271,11517
2011-06-07,-6635,4656,11291
2011-06-08,-7186,11438,18624
2011-06-09,237,102174,101937
2011-06-10,-3675,8742,12417
2011-06-13,17005,28092,11087
2011-06-14,4882,15412,10531
2011-06-15,84831,125224,40393
2011-06-16,-7711,97899,105610
2011-06-17,-1351,9638,10988
2011-06-20,7208,17293,10085
2011-06-21,9628,19785,10157
2011-06-22,-4847,14112,18959
2011-06-23,-16500,86124,102624
2011-06-24,-5638,8232,13871
2011-06-27,3312,14378,11066
2011-06-28,-7336,3637,10973
2011-06-29,2034,12521,10487
2011-06-30,24391,230943,206552
2011-07-01,-63177,20161,83338
2011-07-05,4470,15722,11253
2011-07-06,-3988,7399,11386
2011-07-07,-10045,92523,102568
2011-07-08,-5217,7541,12758
2011-07-11,730,11937,11207
2011-07-12,-5951,4349,10300
2011-07-13,-7357,10148,17505
2011-07-14,-3611,107144,110756
2011-07-15,61879,82246,20368
2011-07-18,9609,18012,8403
2011-07-19,-5451,3634,9085
2011-07-20,-5415,12222,17637
2011-07-21,-12926,86545,99471
2011-07-22,-6097,6975,13071
2011-07-25,4090,15315,11224
2011-07-26,-6534,4453,10987
2011-07-27,-8225,10581,18805
2011-07-28,-20193,112245,132438
2011-07-29,13600,25907,12307
2011-08-01,1763,127249,125486
2011-08-02,-14907,11153,26060
2011-08-03,-19713,12401,32114
2011-08-04,-19534,82205,101739
2011-08-05,15280,27965,12685
2011-08-08,1408,13136,11728
2011-08-09,-6576,3581,10157
2011-08-10,-8283,10051,18334
2011-08-11,9564,113379,103816
2011-08-12,-1585,8336,9921
2011-08-15,-1845,92175,94020
2011-08-16,-1225,10127,11352
2011-08-17,-10596,8537,19133
2011-08-18,1108,99429,98320
2011-08-19,15177,29533,14356
2011-08-22,2747,14885,12138
2011-08-23,-6994,4107,11101
2011-08-24,-10061,9444,19505
2011-08-25,8730,127492,118763
2011-08-26,-3601,7315,10917
2011-08-29,3677,13283,9606
2011-08-30,-7412,3876,11288
2011-08-31,30190,128028,97838
2011-09-01,-1362,134925,136288
2011-09-02,-24891,10416,35307
2011-09-06,-3564,12332,15896
2011-09-07,10182,23036,12854
2011-09-08,-8144,103040,111184
2011-09-09,-4115,6562,10677
2011-09-12,3535,14072,10537
2011-09-13,5488,16849,11361
2011-09-14,-3425,19120,22546
2011-09-15,40639,197107,156467
2011-09-16,3032,16873,13841
2011-09-19,4433,17311,12878
2011-09-20,15257,26772,11515
2011-09-21,-5309,14600,19909
2011-09-22,-14659,122777,137436
2011-09-23,-2659,9635,12294
2011-09-26,2456,12938,10482
2011-09-27,-4089,7112,11201
2011-09-28,-10354,11615,21969
2011-09-29,-2826,99041,101867
2011-09-30,13976,132427,118451
2011-10-03,-21935,25116,47051
2011-10-04,-5359,5474,10834
2011-10-05,2856,13469,10612
2011-10-06,-6556,97252,103808
2011-10-07,-3039,7862,10901
2011-10-11,410,13564,13154
2011-10-12,-4795,16743,21538
2011-10-13,6821,107184,100364
2011-10-14,-8314,10567,18881
2011-10-17,68396,94758,26362
2011-10-18,-6956,5423,12378
2011-10-19,-9303,12469,21772
2011-10-20,444,126538,126094
2011-10-21,-3604,8052,11656
2011-10-24,2570,12808,10239
2011-10-25,-4287,7331,11618
2011-10-26,-8239,11887,20126
2011-10-27,-5177,94774,99951
2011-10-28,-5964,10525,16488
2011-10-31,53184,132441,79257
2011-11-01,-36244,16726,52970
2011-11-02,2887,13440,10552
2011-11-03,-22507,102501,125007
2011-11-04,-1639,9594,11232
2011-11-07,984,12518,11534
2011-11-08,-6997,4196,11193
2011-11-09,-9513,9621,19133
2011-11-10,-3916,100097,104013
2011-11-14,12921,31009,18088
2011-11-15,16021,90228,74207
2011-11-16,-4450,15121,19571
2011-11-17,3426,127030,123604
2011-11-18,-2273,8620,10893
2011-11-21,1451,12329,10878
2011-11-22,-4926,5622,10548
2011-11-23,-7848,13278,21126
2011-11-25,3794,105280,101486
2011-11-28,-660,10985,11646
2011-11-29,-4554,7455,12008
2011-11-30,52401,131667,79265
2011-12-01,-36816,112562,149379
2011-12-02,-21936,9049,30985
2011-12-05,123,11763,11639
2011-12-06,-7135,4602,11736
2011-12-07,1930,12322,10392
2011-12-08,-3062,98137,101199
2011-12-09,-3387,8380,11767
2011-12-12,16986,28024,11039
2011-12-13,-4440,5848,10288
2011-12-14,-2154,17657,19811
2011-12-15,81126,242974,161847
2011-12-16,6836,16525,9689
2011-12-19,4980,15558,10578
2011-12-20,-4657,5779,10436
2011-12-21,-7357,14340,21697
2011-12-22,-4787,98967,103753
2011-12-23,-2961,11587,14549
2011-12-27,2897,15959,13062
2011-12-28,-10336,11791,22128
2011-12-29,-464,106047,106511
2011-12-30,-7256,32358,39613
2012-01-03,2715,136068,133353
2012-01-04,-1421,10912,12333
2012-01-05,-1502,101078,102580
2012-01-06,-5247,8365,13611
2012-01-09,610,13508,12897
2012-01-10,-6381,5920,12301
2012-01-11,-8444,11885,20329
2012-01-12,-673,128698,129370
2012-01-13,-130,13103,13233
2012-01-17,46563,104684,58121
2012-01-18,-3624,19816,23440
2012-01-19,4440,103097,98658
2012-01-20,-5966,10722,16688
2012-01-23,8690,20557,11867
2012-01-24,3314,13488,10174
2012-01-25,-6742,15931,22674
2012-01-26,-2920,98606,101526
2012-01-27,-485,9603,10088
2012-01-30,444,13679,13235
2012-01-31,49618,127698,78079
2012-02-01,-37904,24116,62020
2012-02-02,8384,103875,95490
2012-02-03,-35177,10550,45727
2012-02-06,-10571,13278,23849
2012-02-07,-10830,5298,16128
2012-02-08,-23361,10833,34194
2012-02-09,12533,137609,125076
2012-02-10,-4587,7203,11790
2012-02-13,8360,24479,16119
2012-02-14,-7524,6790,14314
2012-02-15,-7853,116135,123987
2012-02-16,20234,121242,101009
2012-02-17,-12952,8753,21705
2012-02-21,-2506,17806,20312
2012-02-22,-18807,8219,27026
2012-02-23,7822,123760,115938
2012-02-24,-7512,7552,15064
2012-02-27,-1044,16372,17416
2012-02-28,-9705,5053,14758
2012-02-29,36948,126325,89377
2012-03-01,-716,147421,148137
2012-03-02,-26315,10877,37192
2012-03-05,468,15990,15522
2012-03-06,-8012,5849,13862
2012-03-07,-1530,14924,16454
2012-03-08,13442,148860,135418
2012-03-09,-4126,8045,12171
2012-03-12,14618,27300,12682
2012-03-13,-593,11715,12309
2012-03-14,-4358,21818,26176
2012-03-15,55663,208246,152583
2012-03-16,6501,21885,15385
2012-03-19,20,13812,13792
2012-03-20,-8798,5041,13840
2012-03-21,-11633,13555,25188
2012-03-22,3787,118396,114609
2012-03-23,-4775,7769,12544
2012-03-26,1864,13151,11286
2012-03-27,-5762,5309,11071
2012-03-28,-13834,11851,25685
2012-03-29,-4422,106246,110668
2012-03-30,-20550,29832,50382
2012-04-02,36131,129958,93827
2012-04-03,-26175,9260,35436
2012-04-04,3338,17980,14641
2012-04-05,-8502,128873,137375
2012-04-06,-2100,8898,10998
2012-04-09,2602,12900,10297
2012-04-10,-2839,8603,11442
2012-04-11,-10411,13985,24396
2012-04-12,-11959,102808,114767
2012-04-13,2486,20354,17867
2012-04-16,39078,110554,71476
2012-04-17,38914,50605,11691
2012-04-18,-951,24049,25000
2012-04-19,-43540,111123,154664
2012-04-20,6245,17577,11332
2012-04-23,15791,28135,12344
2012-04-24,26776,39879,13103
2012-04-25,-5772,21748,27519
2012-04-26,-2079,103985,106064
2012-04-27,2621,16387,13766
2012-04-30,63486,144756,81271
2012-05-01,-34665,25266,59930
2012-05-02,4791,19734,14943
2012-05-03,-23633,129584,153217
2012-05-04,2070,12573,10502
2012-05-07,2722,14340,11617
2012-05-08,-4658,6413,11071
2012-05-09,-10445,11440,21885
2012-05-10,-599,102806,103406
2012-05-11,-5453,8016,13469
2012-05-14,4310,15620,11310
2012-05-15,3524,90017,86493
2012-05-16,-3550,17337,20887
2012-05-17,-8847,98093,106940
2012-05-18,-1328,8724,10052
2012-05-21,3479,12608,9129
2012-05-22,-3227,6715,9942
2012-05-23,-10746,10688,21434
2012-05-24,-8468,94894,103362
2012-05-25,-5692,8604,14297
2012-05-29,4107,16516,12410
2012-05-30,-2717,9311,12029
2012-05-31,44774,242541,197767
2012-06-01,-61261,18680,79941
2012-06-04,4751,14338,9588
2012-06-05,-6109,5098,11207
2012-06-07,-8312,96591,104903
2012-06-08,-3798,8881,12680
2012-06-11,2084,13522,11437
2012-06-12,-2605,6571,9177
2012-06-13,-5162,15075,20237
2012-06-14,2544,110526,107982
2012-06-15,79351,132787,53436
2012-06-18,12199,22521,10322
2012-06-19,9433,19953,10520
2012-06-20,104,21179,21075
2012-06-21,-6004,98789,104793
2012-06-22,-3583,10329,13912
2012-06-25,3517,13592,10075
2012-06-26,-6255,4739,10993
2012-06-27,-9633,11396,21028
2012-06-28,-5813,125644,131457
2012-06-29,-20691,25925,46616
2012-07-02,32996,127565,94569
2012-07-03,-26907,6536,33443
2012-07-05,-3815,100282,104097
2012-07-06,-5726,7565,13291
2012-07-09,-455,13411,13866
2012-07-10,-3106,6149,9255
2012-07-11,-9120,12008,21129
2012-07-12,-12652,92129,104781
2012-07-13,-2493,10367,12860
2012-07-16,12222,95051,82829
2012-07-17,-5310,4558,9868
2012-07-18,-8384,10680,19064
2012-07-19,-7850,91983,99833
2012-07-20,-4633,7749,12382
2012-07-23,2271,13580,11309
2012-07-24,-5800,5370,11170
2012-07-25,-4400,15372,19771
2012-07-26,-7490,117807,125297
2012-07-27,-1461,9881,11342
2012-07-30,3547,12971,9424
2012-07-31,57630,128336,70706
2012-08-01,-37802,23895,61696
2012-08-02,6310,104318,98008
2012-08-03,-25033,10855,35888
2012-08-06,1228,12848,11620
2012-08-07,-8006,4588,12593
2012-08-08,-1070,19270,20340
2012-08-09,4680,106022,101342
2012-08-10,-1623,7462,9085
2012-08-13,2443,12290,9847
2012-08-14,-2644,7364,10009
2012-08-15,-9062,112877,121939
2012-08-16,11102,112242,101140
2012-08-17,-6000,7289,13289
2012-08-20,2127,14174,12048
2012-08-21,-5714,4997,10711
2012-08-22,-7740,13868,21607
2012-08-23,14160,141548,127389
2012-08-24,-3463,6805,10268
2012-08-27,3801,13656,9855
2012-08-28,-5990,4998,10988
2012-08-29,2833,13191,10358
2012-08-30,8913,140538,131625
2012-08-31,-3814,124743,128556
2012-09-04,-764,25538,26302
2012-09-05,-2795,9384,12179
2012-09-06,24170,147013,122843
2012-09-07,-3230,7075,10305
2012-09-10,3589,13294,9705
2012-09-11,-4767,6179,10946
2012-09-12,-7841,13938,21778
2012-09-13,-4796,108116,112912
2012-09-14,29635,46515,16881
2012-09-17,10908,131827,120919
2012-09-18,5222,15445,10224
2012-09-19,-3775,17701,21476
2012-09-20,-2852,135594,138447
2012-09-21,215,11994,11778
2012-09-24,6622,18056,11434
2012-09-25,-4255,10136,14391
2012-09-26,-9741,13644,23385
2012-09-27,-4042,107029,111071
2012-09-28,23823,38389,14566
2012-10-01,11203,126454,115251
2012-10-02,-1668,7490,9158
2012-10-03,-21493,12062,33556
2012-10-04,-3510,105617,109127
2012-10-05,-2968,7399,10367
2012-10-09,2437,14175,11738
2012-10-10,-15995,8043,24038
2012-10-11,-2780,109766,112546
2012-10-12,-5396,8426,13821
2012-10-15,31455,89381,57927
2012-10-16,749,11412,10663
2012-10-17,-8880,12534,21413
2012-10-18,-3100,131861,134960
2012-10-19,-2211,9906,12117
2012-10-22,3461,14162,10701
2012-10-23,-2546,8347,10893
2012-10-24,-11357,10729,22086
2012-10-25,-5474,107050,112524
2012-10-26,-1814,10609,12422
2012-10-29,4216,15595,11379
2012-10-30,-6232,5218,11450
2012-10-31,56423,122065,65643
2012-11-01,-53238,102866,156104
2012-11-02,-21211,11377,32588
2012-11-05,1626,13162,11536
2012-11-06,-5518,5155,10673
2012-11-07,2345,12268,9923
2012-11-08,20722,131251,110529
2012-11-09,-5069,7634,12703
2012-11-13,991,14505,13514
2012-11-14,-13754,9587,23341
2012-11-15,-3485,236767,240252
2012-11-16,3393,13592,10198
2012-11-19,1539,12973,11434
2012-11-20,-4894,6937,11832
2012-11-21,-7773,14134,21907
2012-11-23,17874,130380,112506
2012-11-26,2521,13427,10906
2012-11-27,-9020,5789,14809
2012-11-28,-10911,10565,21476
2012-11-29,10504,107575,97071
2012-11-30,22340,123257,100917
2012-12-03,-24964,25390,50354
2012-12-04,-4861,6172,11033
2012-12-05,2310,12605,10296
2012-12-06,21981,131179,109198
2012-12-07,-3934,8312,12246
2012-12-10,2131,13987,11856
2012-12-11,-3597,7711,11308
2012-12-12,-6612,13824,20436
2012-12-13,-2413,134708,137120
2012-12-14,9819,42568,32749
2012-12-17,45339,132773,87434
2012-12-18,-3809,6423,10232
2012-12-19,-5319,15979,21298
2012-12-20,-25218,111381,136599
2012-12-21,2298,18835,16538
2012-12-24,11488,22434,10946
2012-12-26,-7907,8617,16524
2012-12-27,-930,115344,116274
2012-12-28,4017,18479,14463
2012-12-31,33955,144499,110545
2013-01-02,-8262,31675,39938
2013-01-03,-21668,114416,136085
2013-01-04,-676,14138,14814
2013-01-07,1757,14440,12683
2013-01-08,-6702,7035,13737
2013-01-09,-9830,10757,20587
2013-01-10,-4701,131290,135991
2013-01-11,1034,10630,9597
2013-01-14,6603,18424,11821
2013-01-15,26764,88151,61387
2013-01-16,139,21438,21298
2013-01-17,-7743,104688,112431
2013-01-18,-425,15006,15431
2013-01-22,9729,23288,13558
2013-01-23,2504,26888,24384
2013-01-24,-11456,102297,113752
2013-01-25,250,11061,10811
2013-01-28,5419,15834,10415
2013-01-29,-4223,6597,10820
